date,USD,EUR,RUB
2014-01-01,8.2299995422,11.3104060709,0.2504907771
2014-01-02,8.2349996368,11.2599654593,0.2489464697
2014-01-03,8.2210002638,11.1845305006,0.2476385408
2014-01-04,8.2200002670,11.1702239712,0.2476275080
2014-01-05,8.2200002670,11.1695556640,0.2476275080
2014-01-06,8.2200018664,11.2209850056,0.2473384918
2014-01-07,8.2250002503,11.2003014508,0.2481595211
2014-01-08,8.2269966592,11.1776443678,0.2478509668
2014-01-09,8.2369968503,11.1941994563,0.2478746843
2014-01-10,8.2800397333,11.3135073883,0.2504966193
2014-01-11,8.2799997330,11.3174275172,0.2497661919
2014-01-12,8.2799997330,11.3174275172,0.2497661919
2014-01-13,8.3150005349,11.3459878811,0.2498527953
2014-01-14,8.3170111988,11.3769463790,0.2496083981
2014-01-15,8.3299971695,11.3309632950,0.2496877556
2014-01-16,8.3400001521,11.3417654043,0.2496530976
2014-01-17,8.3651997757,11.3382993402,0.2492900385
2014-01-18,8.3649997711,11.3264771082,0.2489620406
2014-01-19,8.3649997711,11.3260996553,0.2489620406
2014-01-20,8.3749999360,11.3587428304,0.2480257823
2014-01-21,8.3999992986,11.3909367621,0.2474957900
2014-01-22,8.3640003204,11.3320177609,0.2463225860
2014-01-23,8.4349968356,11.5387756200,0.2474544338
2014-01-24,8.4710002894,11.5863924814,0.2451353794
2014-01-25,8.4700002670,11.5847282199,0.2447406577
2014-01-26,8.4700002670,11.5846788020,0.2447406577
2014-01-27,8.4849969980,11.6028205001,0.2443331026
2014-01-28,8.5050001137,11.6186989886,0.2441539294
2014-01-29,8.4650001520,11.5656003463,0.2412558618
2014-01-30,8.4649997644,11.4686497320,0.2425661383
2014-01-31,8.6149997703,11.6322788435,0.2450151453
2014-02-01,8.6149970731,11.6197476067,0.2449243668
2014-02-02,8.6099996567,11.6130071845,0.2452222848
2014-02-03,8.6549866633,11.7049943421,0.2441623645
2014-02-04,8.7550001138,11.8247464912,0.2496664149
2014-02-05,8.7550001136,11.8349987169,0.2507806803
2014-02-06,8.8149972722,11.9899809736,0.2542785791
2014-02-07,8.5349998232,11.6177866957,0.2455339712
2014-02-08,8.5349968156,11.6381294657,0.2452233464
2014-02-09,8.5349968156,11.6381294056,0.2457953236
2014-02-10,8.4149999619,11.4810286396,0.2421216892
2014-02-11,8.6149970731,11.7618661436,0.2479543304
2014-02-12,8.6544993373,11.7634980173,0.2484946339
2014-02-13,8.7849998474,12.0080573172,0.2497816565
2014-02-14,8.7749996185,12.0136880153,0.2495335299
2014-02-15,8.7749964549,12.0156051690,0.2498680241
2014-02-16,8.7749964549,12.0156051690,0.2498680241
2014-02-17,8.8449972607,12.1236478012,0.2510480450
2014-02-18,8.8449972581,12.1683322514,0.2495569123
2014-02-19,8.9049970365,12.2540648646,0.2497438650
2014-02-20,8.9000396190,12.1829292658,0.2487461971
2014-02-21,8.9049997325,12.2217991448,0.2505986408
2014-02-22,8.9049970391,12.2330629911,0.2507647166
2014-02-23,8.9049970391,12.2331624975,0.2507647166
2014-02-24,9.1549997324,12.5805438721,0.2580638005
2014-02-25,9.1549965637,12.5856081354,0.2567136480
2014-02-26,9.1549965637,12.5149014529,0.2542338002
2014-02-27,9.1549965637,12.5539167889,0.2533683242
2014-02-28,9.7049689441,13.3997657760,0.2705889676
2014-03-01,9.6999998093,13.3869729697,0.2690779947
2014-03-02,9.6999998093,13.3869729697,0.2690779947
2014-03-03,9.7040004730,13.3571708357,0.2652887124
2014-03-04,9.9969993702,13.7264583196,0.2769963342
2014-03-05,9.7289968470,13.3604795744,0.2694568148
2014-03-06,9.4534971133,13.0909487516,0.2612928046
2014-03-07,9.3928001980,13.0255302266,0.2577221782
2014-03-08,9.3878002167,13.0274837697,0.2576464755
2014-03-09,9.3878002167,13.0274837697,0.2579767500
2014-03-10,9.2404994964,12.8202753362,0.2537995257
2014-03-11,9.2407996479,12.8159703626,0.2534338850
2014-03-12,9.3024969204,12.9326831008,0.2548231611
2014-03-13,9.2869996999,12.9388579845,0.2547318070
2014-03-14,9.4804996160,13.1953178200,0.2586449863
2014-03-15,9.4755001068,13.1795454609,0.2591075504
2014-03-16,9.4755001068,13.1851389505,0.2591075504
2014-03-17,9.6054996607,13.3803848522,0.2644238377
2014-03-18,9.7615003586,13.5762015394,0.2691517926
2014-03-19,10.1549997595,14.1286463593,0.2824803657
2014-03-20,10.3350093273,14.2430692178,0.2856308768
2014-03-21,10.5200004578,14.5044488568,0.2902067272
2014-03-22,10.5200004578,14.5111460739,0.2902468126
2014-03-23,10.5200004578,14.5111460739,0.2903470914
2014-03-24,10.6049995359,14.6199497007,0.2938893291
2014-03-25,10.9449996948,15.0809668132,0.3069175009
2014-03-26,11.1049995422,15.3091703056,0.3128982059
2014-03-27,11.0399975804,15.1796898604,0.3098530570
2014-03-28,11.0050000916,15.1442704027,0.3083906874
2014-03-29,11.0000000000,15.1283849761,0.3072300000
2014-03-30,11.0000000000,15.1282809459,0.3073312488
2014-03-31,10.9595003128,15.0960800989,0.3115531909
2014-04-01,11.0030002594,15.1889425668,0.3133728254
2014-04-02,11.3249975315,15.5785608348,0.3195606680
2014-04-03,11.2465000153,15.4133532384,0.3164797356
2014-04-04,11.6059999466,15.9030705263,0.3285445099
2014-04-05,11.6009998322,15.8953733819,0.3284823102
2014-04-06,11.6009998322,15.8973478402,0.3284823102
2014-04-07,11.6000083801,15.9452842129,0.3259902564
2014-04-08,11.7850062476,16.2670113253,0.3297891522
2014-04-09,11.8785998535,16.4095477074,0.3328791337
2014-04-10,11.8831981441,16.5073403449,0.3345654212
2014-04-11,11.8831981441,16.5141204779,0.3334030335
2014-04-12,11.8831981441,16.4990567580,0.3333831239
2014-04-13,11.8831981441,16.4990567580,0.3333831239
2014-04-14,11.8831981441,16.4272602155,0.3305366492
2014-04-15,13.0049970401,17.9563608273,0.3599194838
2014-04-16,13.0049970401,17.9728968547,0.3610134837
2014-04-17,13.0049970401,17.9868234451,0.3646219815
2014-04-18,11.2322997872,15.5164961448,0.3155527610
2014-04-19,11.2272996902,15.5105335225,0.3155432578
2014-04-20,11.2272996902,15.5105335225,0.3155432578
2014-04-21,11.2322998047,15.4883463194,0.3142853681
2014-04-22,11.2523994443,15.5319665983,0.3152296675
2014-04-23,11.5178003311,15.9104515221,0.3227243499
2014-04-24,11.3894996635,15.7482313455,0.3187427253
2014-04-25,11.3831997558,15.7499155390,0.3156119836
2014-04-26,11.3831996918,15.7470115258,0.3159976234
2014-04-27,11.3831996918,15.7477317806,0.3159976234
2014-04-28,11.3621997833,15.7298174113,0.3160786334
2014-04-29,11.3621997196,15.6886131891,0.3188473468
2014-04-30,11.4064994518,15.8204135206,0.3198566633
2014-05-01,11.4064975745,15.8172987674,0.3203019155
2014-05-02,11.4064998152,15.8124753509,0.3181671321
2014-05-03,11.4014997482,15.8177312147,0.3182998282
2014-05-04,11.4014997482,15.8188615138,0.3178738130
2014-05-05,11.4049996905,15.8325344365,0.3192659900
2014-05-06,11.4744969554,15.9788770352,0.3243893486
2014-05-07,11.6562996451,16.2224925440,0.3333186443
2014-05-08,11.5987993134,16.0802514505,0.3314212704
2014-05-09,11.5987997055,15.9630250891,0.3291029810
2014-05-10,11.5987966944,15.9617932657,0.3293709137
2014-05-11,11.5987966944,15.9617932657,0.3293478321
2014-05-12,11.6103979063,15.9749323515,0.3308609144
2014-05-13,11.6514997482,15.9733464502,0.3344358764
2014-05-14,11.7694967599,16.1459953846,0.3392997635
2014-05-15,11.6677945752,16.0004031395,0.3356862792
2014-05-16,11.7600002947,16.1193781116,0.3384114105
2014-05-17,11.7599977327,16.1041408951,0.3382984436
2014-05-18,11.7599977327,16.1036297981,0.3380999348
2014-05-19,11.7569999187,16.1266341737,0.3404819856
2014-05-20,11.7209934727,16.0543186574,0.3396417916
2014-05-21,11.7282104086,16.0174091657,0.3408110699
2014-05-22,11.7349996567,16.0197225805,0.3416857595
2014-05-23,11.7200998847,15.9706834268,0.3430918146
2014-05-24,11.7200978112,15.9784290435,0.3435186453
2014-05-25,11.7200978112,15.9721523253,0.3435160668
2014-05-26,11.7200924027,15.9977251065,0.3428597111
2014-05-27,11.7560997009,16.0116713985,0.3417717129
2014-05-28,11.7096996308,15.9202362134,0.3387673147
2014-05-29,11.7705001831,16.0184474309,0.3397077251
2014-05-30,11.7794600067,16.0681946495,0.3375205163
2014-05-31,11.7794967728,16.0595763928,0.3375920141
2014-06-01,11.7794967728,16.0595192475,0.3376003775
2014-06-02,11.8824980557,16.1660968715,0.3405018717
2014-06-03,11.8383000008,16.1272772641,0.3376786520
2014-06-04,11.8750967831,16.1722638121,0.3389717782
2014-06-05,11.7601041832,16.0131977522,0.3386572519
2014-06-06,11.8307999308,16.1367850896,0.3434928221
2014-06-07,11.8307968894,16.1401312261,0.3438621116
2014-06-08,11.8307968894,16.1401312261,0.3438621116
2014-06-09,11.8307952903,16.0754365228,0.3445884508
2014-06-10,11.8045000807,15.9887417651,0.3436502862
2014-06-11,11.6361970789,15.7453735001,0.3383046116
2014-06-12,11.6595000249,15.8046632401,0.3398755429
2014-06-13,11.7334975397,15.8675121709,0.3410222371
2014-06-14,11.7334975397,15.8853798422,0.3411366568
2014-06-15,11.7334975397,15.8868004717,0.3411514410
2014-06-16,11.7530001959,15.9580295508,0.3390646507
2014-06-17,11.7653999329,15.9333353137,0.3377452604
2014-06-18,11.8325004578,16.0512186921,0.3424660574
2014-06-19,11.8508001328,16.1408989474,0.3447116228
2014-06-20,11.8594999313,16.1124271598,0.3437847430
2014-06-21,11.8594981535,16.1278014449,0.3441226699
2014-06-22,11.8594981535,16.1267967446,0.3439254465
2014-06-23,11.8831981442,16.1521467271,0.3477196742
2014-06-24,11.8970429872,16.1664140717,0.3526084160
2014-06-25,11.8868975958,16.2105052162,0.3522218025
2014-06-26,11.8996974502,16.1968781821,0.3530398341
2014-06-27,11.8282975933,16.1227950400,0.3507607573
2014-06-28,11.8282975933,16.1444303162,0.3505262764
2014-06-29,11.8233003616,16.1372792139,0.3503926844
2014-06-30,11.8282999112,16.1916744417,0.3481204788
2014-07-01,11.7903669521,16.1295207973,0.3435388422
2014-07-02,11.8383978197,16.1674623728,0.3447698023
2014-07-03,11.8459972969,16.1206232271,0.3459281146
2014-07-04,11.8459996674,16.1119682341,0.3435240110
2014-07-05,11.8459972967,16.1037476591,0.3443284326
2014-07-06,11.8459972967,16.1036998289,0.3441262215
2014-07-07,11.7894989876,16.0367509541,0.3420942521
2014-07-08,11.7171974737,15.9506409047,0.3419245178
2014-07-09,11.6629996900,15.8964890420,0.3432404355
2014-07-10,11.7006961921,15.9122030953,0.3442914370
2014-07-11,11.6988000375,15.9073919276,0.3422778037
2014-07-12,11.6987976093,15.9190055849,0.3429024038
2014-07-13,11.6987976093,15.9190269066,0.3420728421
2014-07-14,11.7011998844,15.9378995821,0.3410419486
2014-07-15,11.7120978951,15.8958359577,0.3405032338
2014-07-16,11.7229992986,15.8603833384,0.3405245878
2014-07-17,11.7244977518,15.8599389109,0.3341841254
2014-07-18,11.6539970240,15.7493496429,0.3318642305
2014-07-19,11.6539970238,15.7627032540,0.3314646149
2014-07-20,11.6539970238,15.7627032540,0.3313814054
2014-07-21,11.6605024220,15.7686765067,0.3313670269
2014-07-22,11.6749979453,15.7245044378,0.3335953234
2014-07-23,11.6492969824,15.6814248758,0.3346788881
2014-07-24,11.6493091954,15.6902020283,0.3329980396
2014-07-25,11.7574996575,15.7918085397,0.3349335247
2014-07-26,11.7574978446,15.7903543440,0.3346892864
2014-07-27,11.7574978446,15.7903543440,0.3345796583
2014-07-28,11.8632968586,15.9441343225,0.3340905471
2014-07-29,11.9925003052,16.0812275633,0.3367413362
2014-07-30,12.0081005096,16.0646754124,0.3373392894
2014-07-31,12.1021977350,16.2026554326,0.3389997335
2014-08-01,11.9681976265,16.0843295015,0.3345014887
2014-08-02,11.9681976265,16.0750518811,0.3347504876
2014-08-03,11.9681976265,16.0750518811,0.3347504876
2014-08-04,12.1879993653,16.3475685567,0.3404490148
2014-08-05,11.7012004852,15.6376692100,0.3243543747
2014-08-06,11.7012004852,15.6260454208,0.3234872474
2014-08-07,11.7012004852,15.6355308533,0.3217838812
2014-08-08,11.7012004852,15.6938326244,0.3232848895
2014-08-09,11.7012004852,15.6924799707,0.3237137114
2014-08-10,11.7012004852,15.6931209133,0.3237137114
2014-08-11,12.8304996490,17.1735585696,0.3564228613
2014-08-12,13.1439984175,17.5564875406,0.3636826091
2014-08-13,13.1154991765,17.5299961025,0.3636847444
2014-08-14,13.0915002828,17.5097701220,0.3644452966
2014-08-15,13.1353998824,17.5899687044,0.3629472708
2014-08-16,13.1353998184,17.6012861458,0.3635844974
2014-08-17,13.1353998184,17.5981784394,0.3635878670
2014-08-18,13.0783004761,17.4703909808,0.3625187442
2014-08-19,12.9575003795,17.2593165281,0.3583147535
2014-08-20,13.2279996872,17.5721076388,0.3649926442
2014-08-21,13.1176976237,17.4242384142,0.3633702613
2014-08-22,13.3703978590,17.6922621578,0.3702742541
2014-08-23,13.3703978589,17.7064392297,0.3703044565
2014-08-24,13.3703978589,17.7053525051,0.3702263167
2014-08-25,13.3703978590,17.6504985134,0.3697410372
2014-08-26,13.6643980122,18.0197931993,0.3781638765
2014-08-27,13.8954969667,18.3303141788,0.3842515556
2014-08-28,13.4427971342,17.7138464820,0.3660821454
2014-08-29,13.6106996536,17.9000393094,0.3668156934
2014-08-30,13.6106975727,17.8742400525,0.3672166205
2014-08-31,13.6106975727,17.8778655339,0.3673394263
2014-09-01,13.1141404572,17.2192764086,0.3512473748
2014-09-02,13.0104977803,17.0738389446,0.3476932342
2014-09-03,12.5310081375,16.4611106832,0.3395077780
2014-09-04,12.5336999516,16.2011013441,0.3388827735
2014-09-05,12.8269996643,16.6207406619,0.3458870017
2014-09-06,12.8269986773,16.6146376142,0.3469921530
2014-09-07,12.8269986773,16.6127242573,0.3477399341
2014-09-08,12.8269996617,16.6058532923,0.3475531549
2014-09-09,12.9309982537,16.6973266960,0.3490880332
2014-09-10,12.9259996419,16.6847465177,0.3462926202
2014-09-11,12.9799994783,16.7930508892,0.3461610017
2014-09-12,12.9549973191,16.7839129477,0.3426992872
2014-09-13,12.9764995575,16.8220113527,0.3434435549
2014-09-14,12.9764995575,16.8252830567,0.3434879433
2014-09-15,12.9799967260,16.8081166082,0.3387267423
2014-09-16,12.9929999940,16.8577947676,0.3365727348
2014-09-17,13.0872923644,16.9581785577,0.3409073847
2014-09-18,13.4250001907,17.3367887244,0.3488187539
2014-09-19,13.4389990805,17.2500494571,0.3493612911
2014-09-20,13.4340000153,17.2344561028,0.3495751913
2014-09-21,13.4340000153,17.2344561028,0.3494855104
2014-09-22,13.4946972088,17.3085244996,0.3490181760
2014-09-23,13.5309977568,17.3980977393,0.3506780998
2014-09-24,13.5309977568,17.3047292273,0.3541290902
2014-09-25,13.5309977568,17.2443824262,0.3516826660
2014-09-26,13.5309977568,17.1646931013,0.3455383224
2014-09-27,13.5309977568,17.1612989331,0.3455981905
2014-09-28,13.5309977568,17.1631491899,0.3454463727
2014-09-29,13.5309977568,17.1900699141,0.3431066410
2014-09-30,12.9540003925,16.3526673881,0.3273131871
2014-10-01,12.9599994980,16.3537761887,0.3265647909
2014-10-02,12.9549615228,16.4102951244,0.3268000341
2014-10-03,12.9399995809,16.1938891157,0.3241599495
2014-10-04,12.9399995804,16.1931155235,0.3234999895
2014-10-05,12.9399995804,16.1928049244,0.3234999895
2014-10-06,12.9539971177,16.3103137863,0.3253018446
2014-10-07,12.9709980141,16.3781294556,0.3248934349
2014-10-08,12.9499998093,16.4256885134,0.3226825570
2014-10-09,12.9354392267,16.4102531917,0.3224793663
2014-10-10,12.9549973190,16.3678509372,0.3211133720
2014-10-11,12.9499998093,16.3545203001,0.3209854957
2014-10-12,12.9499998093,16.3545203001,0.3209657453
2014-10-13,12.9577998096,16.4393531482,0.3200123988
2014-10-14,12.9563995976,16.4029190003,0.3173199866
2014-10-15,12.9569981862,16.5562198843,0.3181520674
2014-10-16,12.9510082138,16.5900243242,0.3164077513
2014-10-17,12.9554175189,16.5233575747,0.3186295480
2014-10-18,12.9554974775,16.5294021670,0.3170453603
2014-10-19,12.9554974775,16.5298993947,0.3170453603
2014-10-20,12.9560002644,16.5604650420,0.3158716836
2014-10-21,12.9501997613,16.4782121635,0.3165633804
2014-10-22,12.9549973191,16.3988676032,0.3131198044
2014-10-23,12.9549973193,16.3975055179,0.3104523896
2014-10-24,12.9549998200,16.4197003131,0.3101867269
2014-10-25,12.9499998093,16.4082938659,0.3093700869
2014-10-26,12.9499998093,16.4076701859,0.3093700869
2014-10-27,12.9549973191,16.4669252503,0.3063177064
2014-10-28,12.9499998093,16.5080997424,0.3048113932
2014-10-29,12.9569981788,16.5381396201,0.3028640529
2014-10-30,12.9525083435,16.3415158217,0.3116227384
2014-10-31,12.9554916494,16.2200296691,0.3013435660
2014-11-01,8.2799997330,11.3174275172,0.2497661919
2014-11-02,12.9504995346,16.2204698401,0.3010763833
2014-11-03,12.9554974775,16.1763272302,0.2978585071
2014-11-04,12.9534997941,16.2625564595,0.2963403800
2014-11-05,8.3299971695,11.3309632950,0.2496877556
2014-11-06,8.3400001521,11.3417654043,0.2496530976
2014-11-07,12.9584975607,16.0978956061,0.2773802442
2014-11-08,12.9584975607,16.1361461119,0.2774933963
2014-11-09,12.9584975607,16.1394148294,0.2774933963
2014-11-10,14.8089987177,18.3996687327,0.3246358206
2014-11-11,14.8039999008,18.4304498154,0.3171299380
2014-11-12,15.0049981649,18.6922936502,0.3290683251
2014-11-13,15.5599674713,19.4097010482,0.3341765303
2014-11-14,15.5149408881,19.3849448520,0.3279525431
2014-11-15,15.5100002289,19.4273263050,0.3284802595
2014-11-16,15.5100002289,19.4264854812,0.3297369169
2014-11-17,15.3404996225,19.0977051196,0.3250121847
2014-11-18,15.2649985337,19.1324150089,0.3259442826
2014-11-19,15.1049992346,18.9567641279,0.3232260844
2014-11-20,15.1450004578,18.9666997433,0.3272160180
2014-11-21,15.1009918320,18.7175176399,0.3294400209
2014-11-22,15.0959997177,18.7055080854,0.3293050048
2014-11-23,15.0959997177,18.7055080854,0.3293050048
2014-11-24,15.0654998932,18.7261642848,0.3360170635
2014-11-25,15.0119968373,18.7221861753,0.3260880609
2014-11-26,14.9779973219,18.7303718107,0.3184256094
2014-11-27,14.9731007756,18.6774293941,0.3082505597
2014-11-28,14.9689998627,18.6147138032,0.3023385650
2014-11-29,14.9739984005,18.6455959213,0.2976059434
2014-11-30,14.9739984005,18.6455959213,0.2975636581
2014-12-01,15.0609995503,18.8082541478,0.2917201512
2014-12-02,15.1109970735,18.7187183784,0.2800229733
2014-12-03,15.1865001678,18.6891143164,0.2853714509
2014-12-04,15.3463675128,19.0794051175,0.2819402601
2014-12-05,15.4194002151,18.9729197032,0.2912728789
2014-12-06,15.4144001007,18.9381217182,0.2909914684
2014-12-07,15.4144001007,18.9381217182,0.2909914684
2014-12-08,15.5299933328,19.0874131208,0.2885878514
2014-12-09,15.5842911386,19.3475437881,0.2873993185
2014-12-10,15.6519002274,19.4461450328,0.2853591403
2014-12-11,15.6722002029,19.4280254615,0.2812306526
2014-12-12,15.7244649232,19.6254747233,0.2692645700
2014-12-13,15.7603394525,19.6389299163,0.2708811518
2014-12-14,15.7603394525,19.6389299163,0.2709079251
2014-12-15,15.8100417164,19.7162549600,0.2465682467
2014-12-16,15.7737998962,19.7158400200,0.2327935016
2014-12-17,15.8066385303,19.6108654208,0.2613725957
2014-12-18,15.7680076492,19.3837788004,0.2560600477
2014-12-19,15.8191409767,19.3520039003,0.2678859048
2014-12-20,15.8191404006,19.3456609318,0.2686789246
2014-12-21,15.8191404006,19.3455914688,0.2686789246
2014-12-22,15.8573995590,19.4280123353,0.2821402512
2014-12-23,15.7114613871,19.1340544984,0.2874912455
2014-12-24,15.8198388057,19.2861359239,0.2937302799
2014-12-25,15.8198410221,19.3732551473,0.3001179963
2014-12-26,15.8198411067,19.2625142441,0.2935813376
2014-12-27,15.8198411182,19.2733333555,0.2938442743
2014-12-28,15.8198411182,19.2733300081,0.2938442743
2014-12-29,15.7961763589,19.2406347799,0.2741477323
2014-12-30,15.8183421585,19.2584212715,0.2829348223
2014-12-31,15.8182624245,19.1562840824,0.2700605524
2015-01-01,15.8183421587,19.1371037142,0.2612716270
2015-01-02,15.8183421587,18.9975843986,0.2677852912
2015-01-03,15.7685003281,18.9230708549,0.2695009533
2015-01-04,15.7685003281,18.9230708549,0.2695009533
2015-01-05,15.7685003281,18.7934515157,0.2621346624
2015-01-06,15.7797000122,18.8321805977,0.2518556202
2015-01-07,15.8248936589,18.7103592118,0.2510964938
2015-01-08,15.8033477521,18.6616960364,0.2631591275
2015-01-09,15.7989087670,18.6969393478,0.2554246373
2015-01-10,15.7489995956,18.6500084027,0.2540673458
2015-01-11,15.7489995956,18.6500084027,0.2540673458
2015-01-12,15.8033480721,18.6960174862,0.2506556975
2015-01-13,15.8177414243,18.6318376326,0.2404392829
2015-01-14,15.8188486212,18.6743334088,0.2396114935
2015-01-15,15.8258423028,18.3615604563,0.2444772900
2015-01-16,15.7975012439,18.2019675961,0.2429745032
2015-01-17,15.7974996567,18.2747307887,0.2427583505
2015-01-18,15.7974996567,18.2759648413,0.2427583505
2015-01-19,15.8519596016,18.4261059468,0.2443760108
2015-01-20,15.8573422746,18.3270736138,0.2424800167
2015-01-21,15.8203473720,18.3284307480,0.2422135504
2015-01-22,15.8153476854,18.0467461111,0.2453706431
2015-01-23,15.8418426343,17.8645579600,0.2485284538
2015-01-24,15.7919998169,17.6978850589,0.2461972771
2015-01-25,15.7919998169,17.6971603489,0.2461972771
2015-01-26,15.8580484698,17.8973480042,0.2393286765
2015-01-27,15.9493407743,18.1312978309,0.2386405524
2015-01-28,15.9170484247,18.0537180282,0.2343455706
2015-01-29,15.9010981012,17.9831752444,0.2299364783
2015-01-30,16.2019386170,18.2926070691,0.2306626219
2015-01-31,16.1574993134,18.2345000405,0.2334758651
2015-02-01,16.1574993134,18.2325673953,0.2334758651
2015-02-02,16.1517982483,18.3108107229,0.2359394063
2015-02-03,16.2893531124,18.6610444610,0.2457974000
2015-02-04,16.7783517652,19.1591624469,0.2488669776
2015-02-05,24.9457647727,28.5143985226,0.3745572623
2015-02-06,25.2475279414,28.6231651315,0.3762127919
2015-02-07,25.2474682797,28.5674324408,0.3780268505
2015-02-08,25.2474682797,28.5674324408,0.3772501625
2015-02-09,24.9839853411,28.2709465605,0.3806395396
2015-02-10,25.6195329553,29.0018134149,0.3861338310
2015-02-11,25.9151984071,29.2912469073,0.3920966618
2015-02-12,26.6915568453,30.4621207186,0.4074483033
2015-02-13,26.0984648645,29.7691156946,0.4124220685
2015-02-14,26.1000003815,29.7070276827,0.4110750060
2015-02-15,26.1000003815,29.7049632542,0.4110750060
2015-02-16,26.4149685936,30.0345000086,0.4181686157
2015-02-17,26.3984678484,30.0804322424,0.4197715838
2015-02-18,27.0985228221,30.7324672275,0.4411824079
2015-02-19,27.1848242326,30.9685796660,0.4387956309
2015-02-20,27.9977668015,31.8342771678,0.4516187307
2015-02-21,27.9899997711,31.8533310244,0.4531580963
2015-02-22,27.9899997711,31.8554556745,0.4531580963
2015-02-23,27.9888519043,31.7536256672,0.4420691213
2015-02-24,32.4923228439,36.7526200175,0.5166621419
2015-02-25,28.0068591285,31.8284111978,0.4516203082
2015-02-26,33.7325001809,37.8112811937,0.5523667499
2015-02-27,27.2478901880,30.5042467117,0.4398195636
2015-02-28,27.2293558596,30.4858548777,0.4423765564
2015-03-01,27.2293558596,30.4852224151,0.4423765564
2015-03-02,26.4633677401,29.6120199535,0.4255344575
2015-03-03,23.9420761833,26.8385458783,0.3871604501
2015-03-04,24.4112002280,27.0178331498,0.3930605852
2015-03-05,23.4893582636,25.8613532398,0.3862660563
2015-03-06,23.4397839331,25.4496967573,0.3873186593
2015-03-07,23.4893582637,25.4690689968,0.3889353848
2015-03-08,23.4893582637,25.4690689968,0.3889353848
2015-03-09,22.2500000000,24.1307747748,0.3685427601
2015-03-10,22.9891293603,24.6134760096,0.3691682619
2015-03-11,21.9690891340,23.2383386519,0.3532367885
2015-03-12,21.5921305096,22.9211042363,0.3534286330
2015-03-13,21.3699996948,22.4845047839,0.3466560161
2015-03-14,21.6457337990,22.7216288588,0.3477341679
2015-03-15,21.6457337990,22.7216016365,0.3477341679
2015-03-16,21.8950106447,23.1624802137,0.3509058757
2015-03-17,22.3749984000,23.7290886962,0.3626842136
2015-03-18,23.6250254083,25.1375750032,0.3873430688
2015-03-19,22.7999992372,24.2329670117,0.3821609313
2015-03-20,23.2460817397,25.0780356007,0.3910992020
2015-03-21,23.2473097632,25.1512601571,0.3920365875
2015-03-22,23.2473097632,25.1512601571,0.3920365875
2015-03-23,21.5454998016,23.5317039862,0.3667259698
2015-03-24,23.2229757888,25.3215331151,0.4018116971
2015-03-25,23.3999996185,25.7146793079,0.4061219172
2015-03-26,23.3939828214,25.5450774647,0.4077818699
2015-03-27,23.4330008846,25.5089741507,0.4054708181
2015-03-28,23.4495728660,25.5341836165,0.4050013249
2015-03-29,23.4495728660,25.5365471847,0.4050013249
2015-03-30,23.5796619785,25.5000498912,0.4078369020
2015-03-31,23.4394290387,25.1806837060,0.4029081075
2015-04-01,23.4343386150,25.2310239572,0.4075538410
2015-04-02,23.2478633901,25.2692842175,0.4107041979
2015-04-03,23.2473053253,25.5477599930,0.4083399614
2015-04-04,23.2473097632,25.5139709416,0.4091649729
2015-04-05,23.2473097632,25.4999818573,0.4091649729
2015-04-06,23.4478961149,25.8068813303,0.4244152021
2015-04-07,23.5008765082,25.4986781262,0.4273836833
2015-04-08,23.5141716417,25.4408651798,0.4380809973
2015-04-09,23.2898563285,24.8573801008,0.4448577301
2015-04-10,23.1996594506,24.5851445667,0.4434116559
2015-04-11,23.3995744085,24.8091036314,0.4367352727
2015-04-12,23.3995744085,24.8105650784,0.4367352727
2015-04-13,23.1996597705,24.5454209787,0.4408095047
2015-04-14,23.3237596378,24.8915841624,0.4562712811
2015-04-15,21.8185547171,23.1256658091,0.4347347280
2015-04-16,20.9431690418,22.4936602864,0.4181516971
2015-04-17,20.9495202455,22.5777090951,0.3998680314
2015-04-18,20.8500003815,22.5371299279,0.4003648482
2015-04-19,20.8500003815,22.5318340042,0.4003648482
2015-04-20,22.8490164412,24.5909765336,0.4288907923
2015-04-21,22.7250003175,24.4464087907,0.4249842082
2015-04-22,22.5995595346,24.2443665084,0.4297561933
2015-04-23,22.5000000128,24.3010884610,0.4421647040
2015-04-24,22.9522940156,24.9626748245,0.4489565351
2015-04-25,22.9500007629,24.9547397834,0.4514486340
2015-04-26,22.9500007629,24.9566223849,0.4514486340
2015-04-27,22.9554703695,25.0086316657,0.4439278258
2015-04-28,22.7468090758,24.9739767889,0.4433354246
2015-04-29,20.6250000000,23.0325528729,0.4047163101
2015-04-30,21.2470578116,23.7355359316,0.4114999929
2015-05-01,21.0000000000,23.5178928980,0.4052753962
2015-05-02,21.0000000000,23.5199247362,0.4047026447
2015-05-03,21.0000000000,23.5199247362,0.4047026447
2015-05-04,21.0000000000,23.4043906428,0.4035724871
2015-05-05,20.8966468010,23.3526350280,0.4132955441
2015-05-06,20.9995226809,23.8375664244,0.4148935426
2015-05-07,20.6297991633,23.2785898480,0.4116092842
2015-05-08,20.4699993134,23.0076456012,0.4022544659
2015-05-09,20.4699993134,22.9360874343,0.4023618329
2015-05-10,20.4699993134,22.9335532927,0.4027703710
2015-05-11,20.5009600000,22.8427657734,0.3976895429
2015-05-12,20.8995194992,23.4919427291,0.4166940185
2015-05-13,20.6249923815,23.4631805532,0.4209725673
2015-05-14,20.4998772057,23.2998204981,0.4085986886
2015-05-15,21.1249999999,24.1445539884,0.4261714247
2015-05-16,21.0000000000,24.0387367072,0.4239075801
2015-05-17,21.0000000000,24.0387367072,0.4239075801
2015-05-18,21.9749971815,24.9509589280,0.4472332462
2015-05-19,21.1250000128,23.5576170309,0.4274940338
2015-05-20,20.7500000000,22.9875820405,0.4154713107
2015-05-21,20.7550000000,23.0885876104,0.4163519840
2015-05-22,20.8540408223,23.0118898368,0.4176508759
2015-05-23,20.7299995422,22.8234835730,0.4150191602
2015-05-24,20.7299995422,22.8245177146,0.4150191602
2015-05-25,20.7469869670,22.7659181208,0.4142606995
2015-05-26,21.5100002929,23.4045321123,0.4229940709
2015-05-27,21.5102002289,23.4209885644,0.4153062933
2015-05-28,21.3248023629,23.2655291563,0.4043372774
2015-05-29,21.1000003815,23.1862024099,0.4024897682
2015-05-30,21.0495251122,23.1380842907,0.4021884349
2015-05-31,21.0495251122,23.1380842907,0.4021884349
2015-06-01,21.0500392365,22.9681782886,0.3940881224
2015-06-02,21.1899989863,23.5816445482,0.3987621854
2015-06-03,20.9619661433,23.6343946635,0.3869969380
2015-06-04,21.1140000573,23.7923464757,0.3769453901
2015-06-05,21.1000000001,23.4351107200,0.3740159345
2015-06-06,21.0449712094,23.3914883647,0.3738359237
2015-06-07,21.0449712094,23.3914883647,0.3738359237
2015-06-08,21.2249987815,23.8366258312,0.3779483278
2015-06-09,21.2049680696,23.9238391972,0.3816431223
2015-06-10,21.0729867010,23.8337022492,0.3878396585
2015-06-11,21.0369666384,23.6395415240,0.3838883881
2015-06-12,21.0498795842,23.7432045826,0.3815322551
2015-06-13,21.0498795842,23.7105600840,0.3811318562
2015-06-14,21.0498795842,23.7112374633,0.3811318562
2015-06-15,21.5158225916,24.2197893113,0.3946156032
2015-06-16,21.7471248670,24.4267208650,0.4051857334
2015-06-17,21.7874295835,24.4970541304,0.4020234618
2015-06-18,21.1489327194,24.1107721339,0.3966883147
2015-06-19,21.7250007629,24.6246148753,0.4007015658
2015-06-20,21.6981539428,24.6425716118,0.4014872349
2015-06-21,21.6981539428,24.6415333622,0.4014872349
2015-06-22,21.7747416047,24.7804495375,0.4046813388
2015-06-23,21.7238341313,24.3017248378,0.4013448271
2015-06-24,21.1747378023,23.6706633257,0.3884046156
2015-06-25,21.5799995422,24.1612387691,0.3949930444
2015-06-26,21.0238952226,23.4410966787,0.3829520564
2015-06-27,20.9949903853,23.4408038601,0.3829668903
2015-06-28,20.9949903853,23.4411562170,0.3829668903
2015-06-29,20.9974113754,23.4841697483,0.3784057850
2015-06-30,21.0000000000,23.4206466554,0.3789044173
2015-07-01,21.0099791098,23.2894310999,0.3779360784
2015-07-02,20.9950011592,23.2865310728,0.3779384420
2015-07-03,21.1489316102,23.4672047547,0.3780628136
2015-07-04,21.1489326874,23.4968560258,0.3769283332
2015-07-05,21.1489326874,23.4984846579,0.3769283332
2015-07-06,21.3742501138,23.6705724869,0.3780311049
2015-07-07,21.2649997071,23.2924311469,0.3712193742
2015-07-08,21.6073861251,23.9180058318,0.3761361162
2015-07-09,22.0247436827,24.2751253601,0.3854168846
2015-07-10,21.8885190213,24.4097335541,0.3873537494
2015-07-11,21.9471030921,24.4841507978,0.3892241919
2015-07-12,21.9471030921,24.4841507978,0.3892241919
2015-07-13,22.1995483258,24.4678092888,0.3926985682
2015-07-14,22.1918763602,24.4439770763,0.3933561790
2015-07-15,21.9495454580,24.0607877548,0.3857957556
2015-07-16,22.1496726000,24.1382169433,0.3913336312
2015-07-17,22.0995450415,23.9732462045,0.3880789412
2015-07-18,22.0995451914,23.9326678883,0.3880551958
2015-07-19,22.0995451914,23.9332037466,0.3880551958
2015-07-20,22.1022559109,23.9823810091,0.3886751874
2015-07-21,22.0736677109,24.1221631410,0.3878471030
2015-07-22,22.0745351446,24.0271548620,0.3863768732
2015-07-23,22.1249706784,24.2778264309,0.3842254163
2015-07-24,21.9998864806,24.1457360108,0.3761039179
2015-07-25,22.0000000000,24.1427936504,0.3760041019
2015-07-26,22.0000000000,24.1427936504,0.3760041019
2015-07-27,22.1215682669,24.5860229532,0.3720421361
2015-07-28,22.1698865171,24.5017734238,0.3687174742
2015-07-29,22.0249905232,24.2798167743,0.3732359058
2015-07-30,21.0995075104,23.0277228839,0.3551093364
2015-07-31,21.2215490955,23.4108708999,0.3468211736
2015-08-01,21.2199993134,23.3058751382,0.3471858526
2015-08-02,21.2199993134,23.3062226482,0.3502805987
2015-08-03,22.1098286961,24.2322799119,0.3520519817
2015-08-04,21.5495320304,23.6072382233,0.3421024150
2015-08-05,21.6075591885,23.4827341562,0.3412625857
2015-08-06,21.1499996185,23.0989269299,0.3280314961
2015-08-07,21.1249634538,23.1417614206,0.3300298189
2015-08-08,21.1200008392,23.1601812013,0.3317625014
2015-08-09,21.1200008392,23.1601830763,0.3317625014
2015-08-10,21.3498659916,23.4681677424,0.3377059334
2015-08-11,21.4950008392,23.7399617256,0.3338549767
2015-08-12,21.3969727927,23.9610655441,0.3329402691
2015-08-13,21.5000000026,23.9514190215,0.3321253383
2015-08-14,21.9489480316,24.3872221802,0.3397690884
2015-08-15,21.7980003357,24.2175786151,0.3367786842
2015-08-16,21.7980003357,24.2168809349,0.3367786842
2015-08-17,22.2999992371,24.7053716048,0.3417707304
2015-08-18,22.0995450413,24.3689679931,0.3358119647
2015-08-19,22.1747407999,24.5295605914,0.3342592945
2015-08-20,22.2699996185,24.9341243467,0.3319148123
2015-08-21,22.1450004578,25.1649647594,0.3219343951
2015-08-22,22.1450004578,25.2215216712,0.3209839156
2015-08-23,22.1450004578,25.2207199935,0.3209839156
2015-08-24,22.6550006764,26.2414424771,0.3196957267
2015-08-25,22.4489970013,25.6109777292,0.3257237221
2015-08-26,22.2649993896,25.3614307719,0.3216368530
2015-08-27,21.0200007778,23.6239383073,0.3166252764
2015-08-28,21.1995286921,23.6792784567,0.3239238732
2015-08-29,21.1000003815,23.5951919278,0.3239923283
2015-08-30,21.1000003815,23.5950044798,0.3239923283
2015-08-31,22.1250079351,24.7749213350,0.3390176130
2015-09-01,21.8498896195,24.6131050753,0.3293298167
2015-09-02,22.1498856180,24.8960815076,0.3273344574
2015-09-03,22.1549606867,24.5994075639,0.3311207091
2015-09-04,22.0498852193,24.5121785218,0.3264465930
2015-09-05,22.0498852193,24.5856490638,0.3219578710
2015-09-06,22.0498852193,24.5868792070,0.3219578710
2015-09-07,21.9995693211,24.5625001665,0.3184537535
2015-09-08,22.5999995422,25.2700456725,0.3321178106
2015-09-09,22.0959513263,24.6678694787,0.3242130215
2015-09-10,21.7000003815,24.4508403217,0.3207645068
2015-09-11,21.8022694050,24.7217748360,0.3218848524
2015-09-12,21.7995388526,24.7104271736,0.3217712213
2015-09-13,21.7995388526,24.7115959949,0.3217712213
2015-09-14,22.0650004701,24.9452591762,0.3276895110
2015-09-15,21.1249999873,23.7915870204,0.3156474869
2015-09-16,21.7000008269,24.5291164111,0.3333416834
2015-09-17,21.6001995422,24.4286264890,0.3270437047
2015-09-18,21.8249992268,24.7867310806,0.3307653925
2015-09-19,21.7995388526,24.6421319880,0.3221710248
2015-09-20,21.7995388526,24.6421319880,0.3221710248
2015-09-21,21.6499996186,24.2531870730,0.3271411196
2015-09-22,21.7150398581,24.1856600183,0.3273545361
2015-09-23,21.1000007015,23.5455898690,0.3193372498
2015-09-24,21.5200004644,24.2277730070,0.3244423892
2015-09-25,21.6749976371,24.2624635823,0.3304187930
2015-09-26,21.5547111378,24.1352523153,0.3290063688
2015-09-27,21.5547111378,24.1353539901,0.3290063688
2015-09-28,21.5001719210,24.1543118285,0.3275562138
2015-09-29,21.4599990850,24.1249777184,0.3273413835
2015-09-30,21.1999960992,23.6670886791,0.3242506171
2015-10-01,21.0201604578,23.5447493356,0.3205048726
2015-10-02,21.2269664992,23.9274667559,0.3197205898
2015-10-03,21.1489326874,23.7132876095,0.3196661176
2015-10-04,21.1489326874,23.7096986949,0.3196661176
2015-10-05,21.1800003052,23.7223090972,0.3278437942
2015-10-06,21.4865943912,24.2065386385,0.3374956538
2015-10-07,21.2699815915,23.9302647307,0.3398458145
2015-10-08,21.2696727125,23.9990527652,0.3429735603
2015-10-09,21.8242007629,24.7990224576,0.3550126602
2015-10-10,21.8504203256,24.8191647127,0.3537097971
2015-10-11,21.8504203256,24.8191647127,0.3537097971
2015-10-12,21.6002003687,24.5535086581,0.3509773979
2015-10-13,21.7370777420,24.7361079143,0.3467785758
2015-10-14,21.4699996833,24.5522995003,0.3412012976
2015-10-15,21.7550000000,24.8381075415,0.3491664603
2015-10-16,21.3749600000,24.2732684110,0.3477398745
2015-10-17,21.2749706990,24.1475650357,0.3444515621
2015-10-18,21.2749706990,24.1482210743,0.3444515621
2015-10-19,21.2500000000,24.0518165680,0.3416286984
2015-10-20,22.1679992676,25.1785701865,0.3572993291
2015-10-21,22.2749992928,25.2670384588,0.3538989206
2015-10-22,22.2999992371,24.8421364021,0.3553077336
2015-10-23,22.7000023591,25.0142440284,0.3642406467
2015-10-24,22.7509181702,25.0667057840,0.3681287393
2015-10-25,22.7509181702,25.0691916698,0.3681287393
2015-10-26,22.6982396154,25.0781281479,0.3612254933
2015-10-27,22.8600082904,25.2619762510,0.3527490400
2015-10-28,22.9209824922,25.3689180486,0.3597860458
2015-10-29,23.2000023629,25.4310166104,0.3615275520
2015-10-30,23.2949996948,25.7414091584,0.3648436944
2015-10-31,23.1949996948,25.5286317242,0.3640455202
2015-11-01,23.1949996948,25.5302115086,0.3658217204
2015-11-02,15.8033480721,18.6960174862,0.2506556975
2015-11-03,23.2498939498,25.4508020933,0.3700314856
2015-11-04,15.8188486212,18.6743334088,0.2396114935
2015-11-05,22.7739819119,24.7541694173,0.3599356571
2015-11-06,15.7975012439,18.2019675961,0.2429745032
2015-11-07,22.5499992371,24.2232180219,0.3505640776
2015-11-08,22.5499992371,24.2245331523,0.3505640776
2015-11-09,15.8519596016,18.4261059468,0.2443760108
2015-11-10,22.5998832842,24.1499996088,0.3503859615
2015-11-11,22.8995405583,24.5815563301,0.3520899185
2015-11-12,22.9998861777,24.7649798937,0.3473270807
2015-11-13,23.1349747048,24.8022511670,0.3461872896
2015-11-14,23.1100006104,24.8783540136,0.3456478895
2015-11-15,23.1100006104,24.8783540136,0.3458286819
2015-11-16,23.4995755977,25.1699355127,0.3544849474
2015-11-17,23.3473279779,24.8287437125,0.3585959166
2015-11-18,23.7998959673,25.3115285962,0.3644724800
2015-11-19,23.8349990845,25.6156092578,0.3686807345
2015-11-20,24.0921392036,25.6820312920,0.3726001452
2015-11-21,24.0100002289,25.5656713293,0.3693562069
2015-11-22,24.0100002289,25.5656713293,0.3693562069
2015-11-23,23.9514321672,25.3940874678,0.3657484459
2015-11-24,23.8140112299,25.3661815783,0.3642542364
2015-11-25,23.7498664534,25.2106677683,0.3617623082
2015-11-26,23.4749719239,24.9001255078,0.3563806732
2015-11-27,23.7529924103,25.1628779486,0.3586504131
2015-11-28,23.7500000000,25.1607640397,0.3576475974
2015-11-29,23.7500000000,25.1603817629,0.3576475974
2015-11-30,23.9500007629,25.3028054092,0.3615943922
2015-12-01,15.8203473720,18.3284307480,0.2422135504
2015-12-02,23.3997426249,24.7424258475,0.3487812681
2015-12-03,23.0998863001,25.1867086813,0.3392722325
2015-12-04,23.6995745817,25.7909232756,0.3486362540
2015-12-05,15.7919998169,17.6971603489,0.2461972771
2015-12-06,23.6000003815,25.6724646046,0.3467936241
2015-12-07,23.0000000026,24.9312861839,0.3328165087
2015-12-08,15.9170484247,18.0537180282,0.2343455706
2015-12-09,15.9010981012,17.9831752444,0.2299364783
2015-12-10,23.6249987200,25.8611000227,0.3421022675
2015-12-11,23.8271444838,26.2116141636,0.3399390771
2015-12-12,23.7500000000,26.1113829138,0.3376049241
2015-12-13,23.7500000000,26.1109016010,0.3376049241
2015-12-14,23.8250007527,26.2707892515,0.3375214145
2015-12-15,23.8994981310,26.0807805134,0.3416886512
2015-12-16,23.5499992499,25.7573003050,0.3341165706
2015-12-17,23.2763067263,25.1529942842,0.3282224734
2015-12-18,23.5499992371,25.5424841645,0.3328670188
2015-12-19,23.5499992371,25.5928179672,0.3318911312
2015-12-20,23.5499992371,25.5936509374,0.3318911312
2015-12-21,23.3750003815,25.5313381305,0.3280952095
2015-12-22,22.8750385128,25.1102282407,0.3211373095
2015-12-23,22.7999992371,24.7924364796,0.3268031876
2015-12-24,22.8998910652,25.0851935459,0.3268941739
2015-12-25,22.8500003815,25.0577099100,0.3234191606
2015-12-26,22.8998910652,25.1348850433,0.3241754379
2015-12-27,22.8998910652,25.1348907056,0.3241754379
2015-12-28,22.7199993262,24.9505465105,0.3157360735
2015-12-29,23.8021056428,25.9844829950,0.3290966520
2015-12-30,24.0000000000,26.1913128537,0.3277297519
2015-12-31,24.0277587892,26.1098244441,0.3270005907
2016-01-01,24.0277761092,26.0903486193,0.3291476179
2016-01-02,24.0277587892,26.1015249461,0.3291536246
2016-01-03,24.0011103516,26.0713969643,0.3270407589
2016-01-04,24.1409993896,26.0768855235,0.3297567262
2016-01-05,24.1749944303,25.9689025573,0.3298631135
2016-01-06,23.3860059027,25.1660402830,0.3138838996
2016-01-07,24.0499913011,26.1159386645,0.3225104490
2016-01-08,24.0529914941,26.1862259859,0.3210453923
2016-01-09,23.3498922986,25.5109225476,0.3119592311
2016-01-10,23.3498922986,25.5109225476,0.3119592311
2016-01-11,23.4750003789,25.5401157786,0.3087194590
2016-01-12,23.1500076185,25.0884259794,0.3002864024
2016-01-13,23.6200008393,25.6551970325,0.3086058579
2016-01-14,24.1000003815,26.1713208820,0.3157301168
2016-01-15,24.3240087632,26.6753968185,0.3130626636
2016-01-16,24.3983608205,26.6305320139,0.3138075692
2016-01-17,24.3983608205,26.6263632032,0.3138075692
2016-01-18,24.5000000000,26.6695178476,0.3090732054
2016-01-19,24.7122869623,26.9450102708,0.3145706943
2016-01-20,24.4240392371,26.6362428429,0.2980518679
2016-01-21,24.9249592376,27.0050478493,0.3016598226
2016-01-22,24.6249999360,26.6359402262,0.3140370807
2016-01-23,24.5498960680,26.5089040795,0.3141466076
2016-01-24,24.5000000000,26.4575352315,0.3130190501
2016-01-25,24.7500000000,26.7994983023,0.3105509635
2016-01-26,24.9371446768,27.0413407490,0.3167180875
2016-01-27,24.8999996185,27.0609960630,0.3209330151
2016-01-28,25.1000019814,27.4828283308,0.3276773230
2016-01-29,25.6000403814,27.7332087087,0.3379802576
2016-01-30,25.6498978749,27.7812774835,0.3387310123
2016-01-31,25.6498978749,27.7813790073,0.3387310123
2016-02-01,25.5001600000,27.7663458545,0.3313176507
2016-02-02,25.8946410529,28.2443185269,0.3279140466
2016-02-03,25.7000087629,28.4088497280,0.3286716034
2016-02-04,25.9099792810,29.0132751973,0.3397388426
2016-02-05,25.9199992396,28.8463671740,0.3350024755
2016-02-06,25.8749752247,28.8749367816,0.3360326107
2016-02-07,25.8749752247,28.8752859504,0.3360326107
2016-02-08,25.9699662157,29.0130546189,0.3312782500
2016-02-09,26.0249993113,29.4551001517,0.3299135582
2016-02-10,25.9924054894,29.1734357553,0.3302681313
2016-02-11,25.9709913134,29.5088171265,0.3243132540
2016-02-12,26.1749289812,29.4046500700,0.3333092722
2016-02-13,26.1749749964,29.4612276326,0.3326543545
2016-02-14,26.1499996185,29.4331418105,0.3337885815
2016-02-15,26.9370615801,30.0267222274,0.3462136617
2016-02-16,26.8300009498,29.8871016678,0.3458916023
2016-02-17,26.8994651883,29.9674973208,0.3584533847
2016-02-18,26.3996221626,29.2898172012,0.3464755394
2016-02-19,26.9649784253,30.0066179589,0.3480597188
2016-02-20,26.9400005341,29.9896478210,0.3504894069
2016-02-21,26.9400005341,29.9896478210,0.3504894069
2016-02-22,27.1596161749,29.9292681769,0.3610752227
2016-02-23,27.2499022440,30.0204286460,0.3584030087
2016-02-24,27.3850543551,30.1820984835,0.3580290044
2016-02-25,27.0996247244,29.8841343647,0.3575527333
2016-02-26,27.1249776482,29.6495801603,0.3571029606
2016-02-27,27.1000003815,29.6244476915,0.3549675864
2016-02-28,27.1000003815,29.6248680963,0.3549675864
2016-02-29,26.8996245886,29.2290235686,0.3582513446
2016-03-01,27.1855932334,29.4855953147,0.3703195539
2016-03-02,26.5999644316,28.8451927027,0.3616757433
2016-03-03,26.0873094762,28.5583081109,0.3553398194
2016-03-04,26.2496196997,28.9134343083,0.3650681117
2016-03-05,26.1499996185,28.7954363566,0.3638260816
2016-03-06,26.1499996185,28.7926570648,0.3638260816
2016-03-07,26.2496173195,28.8835103856,0.3678124006
2016-03-08,26.2123087406,28.9001522164,0.3600423804
2016-03-09,25.9996136503,28.6561616424,0.3651685889
2016-03-10,25.5498972716,28.5180727727,0.3561888194
2016-03-11,25.5021425822,28.5203018906,0.3653037614
2016-03-12,25.3999996185,28.3203991822,0.3629979287
2016-03-13,25.3999996185,28.3203991822,0.3629979287
2016-03-14,26.4999996185,29.4282831582,0.3742558816
2016-03-15,27.0448001403,30.0464096015,0.3806552777
2016-03-16,27.0249993113,29.9303691759,0.3845813855
2016-03-17,26.4499048868,29.9194976396,0.3885957265
2016-03-18,26.5995923810,30.0341129147,0.3906644632
2016-03-19,26.5996214342,29.9751196590,0.3925681190
2016-03-20,26.5996214342,29.9751196590,0.3925681190
2016-03-21,26.3623604394,29.6904881497,0.3887004466
2016-03-22,26.2250003692,29.4457989697,0.3890757571
2016-03-23,26.1624309156,29.2394006822,0.3826301826
2016-03-24,26.1999031652,29.2445555260,0.3778005177
2016-03-25,26.1999559674,29.2485356930,0.3839442860
2016-03-26,26.2199993134,29.2823061682,0.3833638691
2016-03-27,26.2199993134,29.2823471816,0.3833638691
2016-03-28,26.1689317470,29.3288582543,0.3821235491
2016-03-29,26.2999992499,29.4611341283,0.3822701435
2016-03-30,26.2859463450,29.7714245956,0.3884266019
2016-03-31,26.1996189222,29.8388878345,0.3896529670
2016-04-01,26.0873735205,29.6857375312,0.3840872329
2016-04-02,26.0499022347,29.6839611825,0.3849336743
2016-04-03,26.0499022347,29.6839611825,0.3849336743
2016-04-04,26.1499027493,29.7723741926,0.3836772938
2016-04-05,26.0449298148,29.6727076880,0.3762295236
2016-04-06,25.9511821969,29.6320868934,0.3821251684
2016-04-07,25.8459923416,29.4306382764,0.3792633690
2016-04-08,25.6249738946,29.2241764468,0.3813599427
2016-04-09,25.6249738946,29.2072421435,0.3818470672
2016-04-10,25.6249738946,29.2072421435,0.3818470672
2016-04-11,25.6249966711,29.2404701618,0.3845830327
2016-04-12,25.4949781198,29.0502471310,0.3884300668
2016-04-13,25.5399047773,28.8083549441,0.3869496486
2016-04-14,25.5000384000,28.7248026876,0.3863775507
2016-04-15,25.5249596185,28.8224205133,0.3846087025
2016-04-16,25.3999996185,28.6625097961,0.3822880182
2016-04-17,25.3999996185,28.6620818863,0.3826338190
2016-04-18,25.4500007630,28.8062870567,0.3841604829
2016-04-19,25.3999999385,28.8922972240,0.3868868930
2016-04-20,25.5229190462,28.9198244524,0.3896377078
2016-04-21,25.4750003814,28.7891578575,0.3855999380
2016-04-22,25.3199997588,28.4636985453,0.3812714357
2016-04-23,25.3411553033,28.4479566489,0.3790846775
2016-04-24,25.3411553033,28.4444640610,0.3790846775
2016-04-25,25.4000008371,28.6341314912,0.3823282110
2016-04-26,25.1998981932,28.5178091354,0.3829061516
2016-04-27,25.1244352290,28.4472940592,0.3823297842
2016-04-28,25.1999005949,28.5443783866,0.3910521164
2016-04-29,25.1244592287,28.7565944899,0.3884140071
2016-04-30,25.1976884649,28.8539119129,0.3836257357
2016-05-01,25.1976884649,28.8549134216,0.3836257357
2016-05-02,25.1246269407,28.9216842599,0.3860062503
2016-05-03,25.1241792298,28.9246268276,0.3774218721
2016-05-04,25.1449613646,28.8875833155,0.3776582777
2016-05-05,25.1499499448,28.6861737582,0.3836964301
2016-05-06,25.1822893477,28.7558136067,0.3832517742
2016-05-07,25.1717088117,28.7109016592,0.3818611156
2016-05-08,25.1717088117,28.7109016592,0.3818611156
2016-05-09,25.2370173324,28.7798589964,0.3794175104
2016-05-10,25.1749723419,28.6640430523,0.3800616269
2016-05-11,25.3401770324,28.9948446433,0.3893785491
2016-05-12,25.4749991015,28.9893674381,0.3894913515
2016-05-13,25.5371000602,28.8430002361,0.3916814665
2016-05-14,25.4967012368,28.8279104261,0.3910161353
2016-05-15,25.4967012368,28.8279104261,0.3910161353
2016-05-16,25.5749607629,28.9704793696,0.3939426631
2016-05-17,25.3170642127,28.7017614088,0.3918579933
2016-05-18,25.3549995402,28.5852140779,0.3887152172
2016-05-19,25.2253747101,28.2879412720,0.3754377590
2016-05-20,25.0497067923,28.0770608432,0.3751517642
2016-05-21,25.1556505880,28.2344793935,0.3766304006
2016-05-22,25.1556505880,28.2337099548,0.3766304006
2016-05-23,25.1250516267,28.1245102322,0.3750674091
2016-05-24,25.1299528718,28.0074966737,0.3774218068
2016-05-25,25.0754266372,27.9702246140,0.3809248928
2016-05-26,25.1674936764,28.1465467160,0.3835110346
2016-05-27,25.1522799137,28.0133711543,0.3799951587
2016-05-28,25.1440945197,27.9426951527,0.3807162899
2016-05-29,25.1440945197,27.9426951527,0.3807162899
2016-05-30,25.1749353778,28.0392505567,0.3819006412
2016-05-31,25.1749595571,28.0290379102,0.3805060047
2016-06-01,25.0749342129,27.9966174129,0.3743811580
2016-06-02,25.0013996124,27.8916071793,0.3725617255
2016-06-03,24.9874496284,28.3038294967,0.3793405784
2016-06-04,24.8999996185,28.3014038389,0.3785345102
2016-06-05,24.8999996185,28.3014038389,0.3785345102
2016-06-06,24.9549500764,28.3379529380,0.3814611301
2016-06-07,24.9699763226,28.3467412456,0.3856764425
2016-06-08,24.9538880111,28.4526631467,0.3921034703
2016-06-09,25.0049947850,28.3266709656,0.3896808127
2016-06-10,24.9951629250,28.1935760440,0.3854153837
2016-06-11,25.0641454142,28.2022047350,0.3834448312
2016-06-12,25.0641454142,28.2022002046,0.3834448312
2016-06-13,24.8698993391,28.0559538913,0.3780545455
2016-06-14,24.9349711947,27.9543014267,0.3777720851
2016-06-15,24.9599127271,28.0555185898,0.3818885318
2016-06-16,24.8758784388,27.7592650989,0.3779570971
2016-06-17,24.8948260817,28.0130017049,0.3834247836
2016-06-18,24.8799991608,28.0565632522,0.3842174220
2016-06-19,24.8799991608,28.0582529259,0.3842174220
2016-06-20,24.8947861040,28.1739603155,0.3885629684
2016-06-21,24.9999999462,28.1489103353,0.3908362167
2016-06-22,24.9059814722,28.1077503051,0.3864873697
2016-06-23,24.8399143921,28.2420276763,0.3865475752
2016-06-24,24.8874898802,27.6849511151,0.3826690328
2016-06-25,24.7340043339,27.4991848683,0.3766464499
2016-06-26,24.7340043339,27.4989999738,0.3766464499
2016-06-27,24.9999997117,27.5436727848,0.3823646316
2016-06-28,24.8869903489,27.5002639093,0.3846967905
2016-06-29,24.9199461680,27.7018006005,0.3905667348
2016-06-30,24.8758578629,27.5540462536,0.3880941219
2016-07-01,24.8224943462,27.6492026312,0.3877852596
2016-07-02,24.7840258031,27.6068235067,0.3878603380
2016-07-03,24.7840258031,27.6080887708,0.3878603380
2016-07-04,24.8152002327,27.6546042825,0.3885116305
2016-07-05,24.8999978001,27.5791636365,0.3859383818
2016-07-06,24.8397963662,27.5095082583,0.3852427945
2016-07-07,24.8099926686,27.4534603359,0.3866049666
2016-07-08,24.8613857365,27.4359283638,0.3887073164
2016-07-09,24.8400001526,27.4481205691,0.3916026024
2016-07-10,24.8400001526,27.4481205691,0.3888236801
2016-07-11,24.8402001526,27.4321104796,0.3880805959
2016-07-12,24.8888974838,27.5601652045,0.3893947144
2016-07-13,24.7691923645,27.5271639081,0.3874467861
2016-07-14,24.7854349777,27.5418139043,0.3942291653
2016-07-15,24.8343908199,27.4645047166,0.3914039223
2016-07-16,24.8199996948,27.3890969927,0.3916398569
2016-07-17,24.8199996948,27.3890969927,0.3916398569
2016-07-18,24.9599990840,27.6465575777,0.3967674418
2016-07-19,24.8703967340,27.3938326469,0.3927498408
2016-07-20,24.8575879863,27.3493568629,0.3901288732
2016-07-21,24.8169766965,27.3479896407,0.3866978581
2016-07-22,24.7649742755,27.1746231626,0.3816617380
2016-07-23,24.7399997711,27.1523503368,0.3815345860
2016-07-24,24.7399997711,27.1576324095,0.3815345860
2016-07-25,24.7799908512,27.2079261825,0.3788368060
2016-07-26,24.7849883598,27.2205911316,0.3753504585
2016-07-27,24.8049956812,27.2540172615,0.3743584943
2016-07-28,24.8633957148,27.5826347922,0.3729966057
2016-07-29,24.8101006008,27.7128901969,0.3756053565
2016-07-30,24.8199996948,27.7363368309,0.3761489394
2016-07-31,24.8199996948,27.7323757520,0.3761489394
2016-08-01,24.9241192271,27.8541684827,0.3750407790
2016-08-02,24.8012433135,27.8420462093,0.3715085256
2016-08-03,24.8675995363,27.7819278671,0.3747334830
2016-08-04,24.7807510818,27.5894832682,0.3755573731
2016-08-05,24.8200114018,27.4987288836,0.3795921146
2016-08-06,24.7945154532,27.4897477736,0.3782554579
2016-08-07,24.7945154532,27.4897477736,0.3782554579
2016-08-08,24.8274985401,27.5001566451,0.3839662545
2016-08-09,24.8049955277,27.5574241818,0.3841111813
2016-08-10,24.9200072370,27.8407874521,0.3848343489
2016-08-11,24.9999996185,27.9229878503,0.3872641912
2016-08-12,25.1000000001,28.0424279038,0.3866522735
2016-08-13,25.0740625121,27.9933489024,0.3866310113
2016-08-14,25.0740625121,27.9933489024,0.3866310113
2016-08-15,25.0529034236,28.0591522506,0.3911905788
2016-08-16,24.9298971292,28.1164192316,0.3906459087
2016-08-17,25.1402085656,28.3109044450,0.3909934662
2016-08-18,25.1949509464,28.5598550368,0.3957892536
2016-08-19,25.2496169971,28.5998913464,0.3950496487
2016-08-20,25.2471697923,28.5936246536,0.3951086133
2016-08-21,25.2471697923,28.5917172583,0.3958167248
2016-08-22,25.2900009155,28.6154853354,0.3906443958
2016-08-23,25.3514754575,28.6738398463,0.3927622409
2016-08-24,25.3399930214,28.5162249282,0.3888119536
2016-08-25,25.4699574529,28.7123585884,0.3935515129
2016-08-26,25.4799471384,28.6299194223,0.3945556719
2016-08-27,25.4341675995,28.4740580353,0.3931839992
2016-08-28,25.4341675995,28.4764490318,0.3932155931
2016-08-29,25.5399185918,28.5526678552,0.3925612927
2016-08-30,25.7247839718,28.6858014607,0.3941396412
2016-08-31,26.2383379641,29.2450711795,0.4017113801
2016-09-01,26.6371544287,29.8177577308,0.4039413823
2016-09-02,26.6739840157,29.7653623057,0.4099385705
2016-09-03,26.5872452477,29.6593619594,0.4081009209
2016-09-04,26.5872452477,29.6633328659,0.4081003065
2016-09-05,26.7499052385,29.8257248413,0.4115122320
2016-09-06,26.8891678989,30.2007698938,0.4164156070
2016-09-07,26.6900155362,29.9967300696,0.4149164931
2016-09-08,26.6539750238,30.0014049048,0.4172949039
2016-09-09,26.6829833370,29.9265930682,0.4124446525
2016-09-10,26.7422795707,30.0368741072,0.4132155842
2016-09-11,26.6299991609,29.9133760022,0.4123056948
2016-09-12,26.6635595424,29.9452913389,0.4123851978
2016-09-13,26.2873918922,29.5524260647,0.4032355735
2016-09-14,26.3443911804,29.6817104492,0.4052304647
2016-09-15,26.1049712217,29.3617707690,0.4029830640
2016-09-16,25.8719942993,28.8666720984,0.3981689217
2016-09-17,26.1312205370,29.1558482327,0.4003261176
2016-09-18,26.1312205370,29.1550300083,0.3991906652
2016-09-19,25.7589758684,28.7948333421,0.3987105498
2016-09-20,25.9349753112,28.9754495882,0.4007247056
2016-09-21,25.9429038278,28.9635270246,0.4038551284
2016-09-22,25.9549743487,29.1404630618,0.4077245757
2016-09-23,25.9779073779,29.1539651640,0.4064023914
2016-09-24,25.9716918947,29.1571056915,0.4053108474
2016-09-25,25.9716918947,29.1540707078,0.4029111325
2016-09-26,25.9521289094,29.2544371457,0.4066487079
2016-09-27,25.8950004578,29.0229218842,0.4044940317
2016-09-28,25.8849749369,28.9901198927,0.4049743244
2016-09-29,25.8400001654,29.0573137600,0.4103029547
2016-09-30,25.8999996313,29.1109872984,0.4127266056
2016-10-01,25.7236844136,28.9153620800,0.4091313420
2016-10-02,25.7236844136,28.9101910808,0.4087666362
2016-10-03,25.9089718610,29.0503084214,0.4156744985
2016-10-04,25.8247866127,28.9749511168,0.4130291482
2016-10-05,25.8688602878,28.9588930535,0.4143723992
2016-10-06,25.8849883375,28.8800886579,0.4161809109
2016-10-07,25.8219733920,28.8141633706,0.4148278964
2016-10-08,25.6591449449,28.7413693993,0.4123314258
2016-10-09,25.6591449449,28.7400024426,0.4122560273
2016-10-10,25.8670935045,28.8610458510,0.4178623956
2016-10-11,25.7999666668,28.5352386083,0.4114798278
2016-10-12,25.8045935969,28.4264613764,0.4095188911
2016-10-13,25.7871853061,28.4726963035,0.4089573763
2016-10-14,25.8371963239,28.3831803122,0.4100293266
2016-10-15,25.7365875704,28.2366615874,0.4090405941
2016-10-16,25.7700004578,28.2720794929,0.4095677242
2016-10-17,25.8349990845,28.4132869017,0.4094632476
2016-10-18,25.6777540983,28.2332764453,0.4084154225
2016-10-19,25.8040019052,28.2836088776,0.4143405860
2016-10-20,25.6343732940,28.0305776900,0.4106334765
2016-10-21,25.7064253870,27.9395663367,0.4110814359
2016-10-22,25.6614890336,27.9331526748,0.4117697213
2016-10-23,25.6614890336,27.9332584668,0.4117697213
2016-10-24,25.6000007015,27.8705480549,0.4115307505
2016-10-25,25.6271270450,27.9054485286,0.4127048601
2016-10-26,25.5507784419,27.8868322307,0.4068153790
2016-10-27,25.5699905506,27.8807277056,0.4070017713
2016-10-28,25.5370356735,27.9179690235,0.4058878300
2016-10-29,25.4699993134,27.9822452960,0.4041740744
2016-10-30,25.4699993134,27.9851661182,0.4042183337
2016-10-31,25.5699057115,28.0170265993,0.4037198550
2016-11-01,25.5725402289,28.2377088346,0.4053202929
2016-11-02,25.5410115902,28.3888488034,0.4007843248
2016-11-03,25.6949996947,28.5019095317,0.4033690567
2016-11-04,25.5749964378,28.4458932095,0.3970619448
2016-11-05,25.5751205228,28.4832525596,0.3974448731
2016-11-06,25.5751205228,28.4924984114,0.3971594193
2016-11-07,25.6849994658,28.3524185606,0.4025856207
2016-11-08,25.6705992382,28.3271029860,0.4031579937
2016-11-09,25.6019967052,28.0332360184,0.4020953775
2016-11-10,25.5724979037,27.8228008810,0.3917545671
2016-11-11,25.6471926721,27.7812386735,0.3884824994
2016-11-12,25.6200008392,27.8162754112,0.3891768854
2016-11-13,25.6200008392,27.8114192283,0.3891768854
2016-11-14,25.8743196748,27.7416244183,0.3901137329
2016-11-15,26.2477538291,28.1579851467,0.4064442493
2016-11-16,26.1700015609,27.9999723514,0.4049087526
2016-11-17,25.9939717099,27.6953774747,0.4030801715
2016-11-18,25.8649899256,27.4096556272,0.3999847561
2016-11-19,25.8500003815,27.3763698844,0.3997974006
2016-11-20,25.8500003815,27.3720216450,0.3983492835
2016-11-21,25.8649899256,27.4977370427,0.4020372255
